,Title,Post Text,ID,Score,Total Comments,Post URL
0,"Ive made this birthday card for my kid's 17th birthday. I've never played the game, is this a good representation?",,1b5tx3n,990,56,https://www.reddit.com/r/csgo/comments/1b5tx3n/ive_made_this_birthday_card_for_my_kids_17th/
1,This ppl can’t be real,,1b67msb,998,28,https://www.reddit.com/r/csgo/comments/1b67msb/this_ppl_cant_be_real/
2,looks familiar,,1b5qyc8,109,6,https://www.reddit.com/r/csgo/comments/1b5qyc8/looks_familiar/
3,xD,,1b5twr7,100,1,https://www.reddit.com/r/csgo/comments/1b5twr7/xd/
4,Anyone know why this sticker has gone up a bunch? if this is the wrong place to ask i'll remove post,,1b6bd1g,101,19,https://www.reddit.com/r/csgo/comments/1b6bd1g/anyone_know_why_this_sticker_has_gone_up_a_bunch/
5,Ahahaha,,1b6bd0g,44,9,https://www.reddit.com/r/csgo/comments/1b6bd0g/ahahaha/
6,How much did you donate to Gaben?,,1b6frct,53,30,https://www.reddit.com/r/csgo/comments/1b6frct/how_much_did_you_donate_to_gaben/
7,NA in shambles,,1b61byy,24,0,https://www.reddit.com/r/csgo/comments/1b61byy/na_in_shambles/
8,Crazy no scope !! I’ve tried this shot for years ,,1b64vgo,19,3,https://www.reddit.com/r/csgo/comments/1b64vgo/crazy_no_scope_ive_tried_this_shot_for_years/
9,This is why I quit premier :D,,1b6cghf,19,12,https://www.reddit.com/r/csgo/comments/1b6cghf/this_is_why_i_quit_premier_d/
